Run Time,Name,Status,Summary,m_omit,m_omit
"10:23 8/10/2014","Memory on myd-vm06792.hpswlabs.adapps.hp.com","Status: Good; Monitor Availability: Data Collected","50% virtual memory used, 8152MB virtual memory free, 0 pages/sec","",
"10:24 8/10/2014","Memory on myd-vm06792.hpswlabs.adapps.hp.com","Status: Good; Monitor Availability: Data Collected","50% virtual memory used, 8152MB virtual memory free, 0 pages/sec","",
"10:24 8/10/2014","Memory on myd-vm06792.hpswlabs.adapps.hp.com","Status: Good; Monitor Availability: Data Collected","50% virtual memory used, 8153MB virtual memory free, 0 pages/sec","",
"10:25 8/10/2014","Memory on myd-vm06792.hpswlabs.adapps.hp.com","Status: Good; Monitor Availability: Data Collected","50% virtual memory used, 8151MB virtual memory free, 8.53176 pages/sec","",
"10:25 8/10/2014","Memory on myd-vm06792.hpswlabs.adapps.hp.com","Status: Good; Monitor Availability: Data Collected","50% virtual memory used, 8151MB virtual memory free, 8.53475 pages/sec","",
"10:26 8/10/2014","Memory on myd-vm06792.hpswlabs.adapps.hp.com","Status: Good; Monitor Availability: Data Collected","50% virtual memory used, 8152MB virtual memory free, 0 pages/sec","",
"10:26 8/10/2014","Memory on myd-vm06792.hpswlabs.adapps.hp.com","Status: Good; Monitor Availability: Data Collected","50% virtual memory used, 8151MB virtual memory free, 0 pages/sec","",
"10:27 8/10/2014","Memory on myd-vm06792.hpswlabs.adapps.hp.com","Status: Good; Monitor Availability: Data Collected","50% virtual memory used, 8150MB virtual memory free, 0.06664 pages/sec","",
"10:27 8/10/2014","Memory on myd-vm06792.hpswlabs.adapps.hp.com","Status: Good; Monitor Availability: Data Collected","50% virtual memory used, 8170MB virtual memory free, 0.7666 pages/sec","",
"10:28 8/10/2014","Memory on myd-vm06792.hpswlabs.adapps.hp.com","Status: Good; Monitor Availability: Data Collected","50% virtual memory used, 8156MB virtual memory free, 0 pages/sec","",
"10:28 8/10/2014","Memory on myd-vm06792.hpswlabs.adapps.hp.com","Status: Good; Monitor Availability: Data Collected","50% virtual memory used, 8137MB virtual memory free, 88.79086 pages/sec","",
"10:29 8/10/2014","Memory on myd-vm06792.hpswlabs.adapps.hp.com","Status: Good; Monitor Availability: Data Collected","50% virtual memory used, 8132MB virtual memory free, 0.93331 pages/sec","",
"10:29 8/10/2014","Memory on myd-vm06792.hpswlabs.adapps.hp.com","Status: Good; Monitor Availability: Data Collected","50% virtual memory used, 8109MB virtual memory free, 4.96635 pages/sec","",
"10:30 8/10/2014","Memory on myd-vm06792.hpswlabs.adapps.hp.com","Status: Good; Monitor Availability: Data Collected","50% virtual memory used, 8119MB virtual memory free, 91.86243 pages/sec","",
"10:30 8/10/2014","Memory on myd-vm06792.hpswlabs.adapps.hp.com","Status: Good; Monitor Availability: Data Collected","50% virtual memory used, 8124MB virtual memory free, 0 pages/sec","",
"10:31 8/10/2014","Memory on myd-vm06792.hpswlabs.adapps.hp.com","Status: Good; Monitor Availability: Data Collected","50% virtual memory used, 8130MB virtual memory free, 0 pages/sec","",
"10:31 8/10/2014","Memory on myd-vm06792.hpswlabs.adapps.hp.com","Status: Good; Monitor Availability: Data Collected","50% virtual memory used, 8128MB virtual memory free, 0 pages/sec","",
"10:32 8/10/2014","Memory on myd-vm06792.hpswlabs.adapps.hp.com","Status: Good; Monitor Availability: Data Collected","50% virtual memory used, 8131MB virtual memory free, 0 pages/sec","",
"10:32 8/10/2014","Memory on myd-vm06792.hpswlabs.adapps.hp.com","Status: Good; Monitor Availability: Data Collected","50% virtual memory used, 8131MB virtual memory free, 0.03334 pages/sec","",
"10:33 8/10/2014","Memory on myd-vm06792.hpswlabs.adapps.hp.com","Status: Good; Monitor Availability: Data Collected","50% virtual memory used, 8108MB virtual memory free, 0 pages/sec","",
"10:33 8/10/2014","Memory on myd-vm06792.hpswlabs.adapps.hp.com","Status: Good; Monitor Availability: Data Collected","50% virtual memory used, 8108MB virtual memory free, 0.29995 pages/sec","",
"10:34 8/10/2014","Memory on myd-vm06792.hpswlabs.adapps.hp.com","Status: Good; Monitor Availability: Data Collected","50% virtual memory used, 8120MB virtual memory free, 0 pages/sec","",
"10:34 8/10/2014","Memory on myd-vm06792.hpswlabs.adapps.hp.com","Status: Good; Monitor Availability: Data Collected","50% virtual memory used, 8123MB virtual memory free, 0 pages/sec","",
"10:35 8/10/2014","Memory on myd-vm06792.hpswlabs.adapps.hp.com","Status: Good; Monitor Availability: Data Collected","50% virtual memory used, 8124MB virtual memory free, 0 pages/sec","",
"10:35 8/10/2014","Memory on myd-vm06792.hpswlabs.adapps.hp.com","Status: Good; Monitor Availability: Data Collected","50% virtual memory used, 8130MB virtual memory free, 0 pages/sec","",
"10:36 8/10/2014","Memory on myd-vm06792.hpswlabs.adapps.hp.com","Status: Good; Monitor Availability: Data Collected","50% virtual memory used, 8131MB virtual memory free, 0 pages/sec","",
"10:36 8/10/2014","Memory on myd-vm06792.hpswlabs.adapps.hp.com","Status: Good; Monitor Availability: Data Collected","50% virtual memory used, 8131MB virtual memory free, 0 pages/sec","",
"10:37 8/10/2014","Memory on myd-vm06792.hpswlabs.adapps.hp.com","Status: Good; Monitor Availability: Data Collected","50% virtual memory used, 8131MB virtual memory free, 0 pages/sec","",
"10:37 8/10/2014","Memory on myd-vm06792.hpswlabs.adapps.hp.com","Status: Good; Monitor Availability: Data Collected","50% virtual memory used, 8127MB virtual memory free, 0.33329 pages/sec","",
"10:38 8/10/2014","Memory on myd-vm06792.hpswlabs.adapps.hp.com","Status: Good; Monitor Availability: Data Collected","50% virtual memory used, 8127MB virtual memory free, 0 pages/sec","",
"10:38 8/10/2014","Memory on myd-vm06792.hpswlabs.adapps.hp.com","Status: Good; Monitor Availability: Data Collected","50% virtual memory used, 8128MB virtual memory free, 0 pages/sec","",
"10:39 8/10/2014","Memory on myd-vm06792.hpswlabs.adapps.hp.com","Status: Good; Monitor Availability: Data Collected","50% virtual memory used, 8127MB virtual memory free, 0 pages/sec","",
"10:39 8/10/2014","Memory on myd-vm06792.hpswlabs.adapps.hp.com","Status: Good; Monitor Availability: Data Collected","50% virtual memory used, 8126MB virtual memory free, 0 pages/sec","",
"10:40 8/10/2014","Memory on myd-vm06792.hpswlabs.adapps.hp.com","Status: Good; Monitor Availability: Data Collected","50% virtual memory used, 8126MB virtual memory free, 0 pages/sec","",
"10:40 8/10/2014","Memory on myd-vm06792.hpswlabs.adapps.hp.com","Status: Good; Monitor Availability: Data Collected","50% virtual memory used, 8126MB virtual memory free, 3.03314 pages/sec","",
"10:41 8/10/2014","Memory on myd-vm06792.hpswlabs.adapps.hp.com","Status: Good; Monitor Availability: Data Collected","50% virtual memory used, 8125MB virtual memory free, 0 pages/sec","",
"10:41 8/10/2014","Memory on myd-vm06792.hpswlabs.adapps.hp.com","Status: Good; Monitor Availability: Data Collected","50% virtual memory used, 8125MB virtual memory free, 0 pages/sec","",
"10:42 8/10/2014","Memory on myd-vm06792.hpswlabs.adapps.hp.com","Status: Good; Monitor Availability: Data Collected","50% virtual memory used, 8125MB virtual memory free, 0 pages/sec","",
"10:42 8/10/2014","Memory on myd-vm06792.hpswlabs.adapps.hp.com","Status: Good; Monitor Availability: Data Collected","50% virtual memory used, 8127MB virtual memory free, 0 pages/sec","",
"10:43 8/10/2014","Memory on myd-vm06792.hpswlabs.adapps.hp.com","Status: Good; Monitor Availability: Data Collected","50% virtual memory used, 8125MB virtual memory free, 0 pages/sec","",
"10:43 8/10/2014","Memory on myd-vm06792.hpswlabs.adapps.hp.com","Status: Good; Monitor Availability: Data Collected","50% virtual memory used, 8137MB virtual memory free, 10.59961 pages/sec","",
"10:44 8/10/2014","Memory on myd-vm06792.hpswlabs.adapps.hp.com","Status: Good; Monitor Availability: Data Collected","50% virtual memory used, 8136MB virtual memory free, 0.89998 pages/sec","",
"10:44 8/10/2014","Memory on myd-vm06792.hpswlabs.adapps.hp.com","Status: Good; Monitor Availability: Data Collected","50% virtual memory used, 8137MB virtual memory free, 0 pages/sec","",
"10:45 8/10/2014","Memory on myd-vm06792.hpswlabs.adapps.hp.com","Status: Good; Monitor Availability: Data Collected","50% virtual memory used, 8136MB virtual memory free, 0 pages/sec","",
"10:45 8/10/2014","Memory on myd-vm06792.hpswlabs.adapps.hp.com","Status: Good; Monitor Availability: Data Collected","50% virtual memory used, 8137MB virtual memory free, 0 pages/sec","",
"10:46 8/10/2014","Memory on myd-vm06792.hpswlabs.adapps.hp.com","Status: Good; Monitor Availability: Data Collected","50% virtual memory used, 8138MB virtual memory free, 0 pages/sec","",
"10:46 8/10/2014","Memory on myd-vm06792.hpswlabs.adapps.hp.com","Status: Good; Monitor Availability: Data Collected","50% virtual memory used, 8138MB virtual memory free, 0 pages/sec","",
"10:47 8/10/2014","Memory on myd-vm06792.hpswlabs.adapps.hp.com","Status: Good; Monitor Availability: Data Collected","50% virtual memory used, 8137MB virtual memory free, 0 pages/sec","",
"10:47 8/10/2014","Memory on myd-vm06792.hpswlabs.adapps.hp.com","Status: Good; Monitor Availability: Data Collected","50% virtual memory used, 8138MB virtual memory free, 0 pages/sec","",
"10:48 8/10/2014","Memory on myd-vm06792.hpswlabs.adapps.hp.com","Status: Good; Monitor Availability: Data Collected","50% virtual memory used, 8116MB virtual memory free, 0 pages/sec","",
"10:48 8/10/2014","Memory on myd-vm06792.hpswlabs.adapps.hp.com","Status: Good; Monitor Availability: Data Collected","50% virtual memory used, 8116MB virtual memory free, 0.29998 pages/sec","",
"10:49 8/10/2014","Memory on myd-vm06792.hpswlabs.adapps.hp.com","Status: Good; Monitor Availability: Data Collected","50% virtual memory used, 8114MB virtual memory free, 0.26666 pages/sec","",
"10:49 8/10/2014","Memory on myd-vm06792.hpswlabs.adapps.hp.com","Status: Good; Monitor Availability: Data Collected","50% virtual memory used, 8128MB virtual memory free, 0 pages/sec","",
"10:50 8/10/2014","Memory on myd-vm06792.hpswlabs.adapps.hp.com","Status: Good; Monitor Availability: Data Collected","50% virtual memory used, 8135MB virtual memory free, 0 pages/sec","",
"10:50 8/10/2014","Memory on myd-vm06792.hpswlabs.adapps.hp.com","Status: Good; Monitor Availability: Data Collected","50% virtual memory used, 8135MB virtual memory free, 0 pages/sec","",
"10:51 8/10/2014","Memory on myd-vm06792.hpswlabs.adapps.hp.com","Status: Good; Monitor Availability: Data Collected","50% virtual memory used, 8135MB virtual memory free, 0 pages/sec","",
"10:51 8/10/2014","Memory on myd-vm06792.hpswlabs.adapps.hp.com","Status: Good; Monitor Availability: Data Collected","50% virtual memory used, 8135MB virtual memory free, 0 pages/sec","",
"10:52 8/10/2014","Memory on myd-vm06792.hpswlabs.adapps.hp.com","Status: Good; Monitor Availability: Data Collected","50% virtual memory used, 8135MB virtual memory free, 0 pages/sec","",
"10:52 8/10/2014","Memory on myd-vm06792.hpswlabs.adapps.hp.com","Status: Good; Monitor Availability: Data Collected","50% virtual memory used, 8135MB virtual memory free, 0.03333 pages/sec","",
"10:53 8/10/2014","Memory on myd-vm06792.hpswlabs.adapps.hp.com","Status: Good; Monitor Availability: Data Collected","50% virtual memory used, 8134MB virtual memory free, 0 pages/sec","",
"10:53 8/10/2014","Memory on myd-vm06792.hpswlabs.adapps.hp.com","Status: Good; Monitor Availability: Data Collected","50% virtual memory used, 8135MB virtual memory free, 0 pages/sec","",
"10:54 8/10/2014","Memory on myd-vm06792.hpswlabs.adapps.hp.com","Status: Good; Monitor Availability: Data Collected","50% virtual memory used, 8136MB virtual memory free, 0 pages/sec","",
"10:54 8/10/2014","Memory on myd-vm06792.hpswlabs.adapps.hp.com","Status: Good; Monitor Availability: Data Collected","50% virtual memory used, 8135MB virtual memory free, 0 pages/sec","",
"10:55 8/10/2014","Memory on myd-vm06792.hpswlabs.adapps.hp.com","Status: Good; Monitor Availability: Data Collected","50% virtual memory used, 8133MB virtual memory free, 0.26665 pages/sec","",
"10:55 8/10/2014","Memory on myd-vm06792.hpswlabs.adapps.hp.com","Status: Good; Monitor Availability: Data Collected","50% virtual memory used, 8134MB virtual memory free, 0 pages/sec","",
"10:56 8/10/2014","Memory on myd-vm06792.hpswlabs.adapps.hp.com","Status: Good; Monitor Availability: Data Collected","50% virtual memory used, 8133MB virtual memory free, 0 pages/sec","",
"10:56 8/10/2014","Memory on myd-vm06792.hpswlabs.adapps.hp.com","Status: Good; Monitor Availability: Data Collected","50% virtual memory used, 8133MB virtual memory free, 0.79992 pages/sec","",
"10:57 8/10/2014","Memory on myd-vm06792.hpswlabs.adapps.hp.com","Status: Good; Monitor Availability: Data Collected","50% virtual memory used, 8130MB virtual memory free, 0 pages/sec","",
"10:57 8/10/2014","Memory on myd-vm06792.hpswlabs.adapps.hp.com","Status: Good; Monitor Availability: Data Collected","50% virtual memory used, 8127MB virtual memory free, 0 pages/sec","",
"10:58 8/10/2014","Memory on myd-vm06792.hpswlabs.adapps.hp.com","Status: Good; Monitor Availability: Data Collected","50% virtual memory used, 8128MB virtual memory free, 0.03333 pages/sec","",
"10:58 8/10/2014","Memory on myd-vm06792.hpswlabs.adapps.hp.com","Status: Good; Monitor Availability: Data Collected","50% virtual memory used, 8120MB virtual memory free, 0.4333 pages/sec","",
"10:59 8/10/2014","Memory on myd-vm06792.hpswlabs.adapps.hp.com","Status: Good; Monitor Availability: Data Collected","50% virtual memory used, 8118MB virtual memory free, 0.89999 pages/sec","",
"10:59 8/10/2014","Memory on myd-vm06792.hpswlabs.adapps.hp.com","Status: Good; Monitor Availability: Data Collected","50% virtual memory used, 8119MB virtual memory free, 0 pages/sec","",
"11:00 8/10/2014","Memory on myd-vm06792.hpswlabs.adapps.hp.com","Status: Good; Monitor Availability: Data Collected","50% virtual memory used, 8119MB virtual memory free, 0.69997 pages/sec","",
"11:00 8/10/2014","Memory on myd-vm06792.hpswlabs.adapps.hp.com","Status: Good; Monitor Availability: Data Collected","50% virtual memory used, 8120MB virtual memory free, 0 pages/sec","",
"11:01 8/10/2014","Memory on myd-vm06792.hpswlabs.adapps.hp.com","Status: Good; Monitor Availability: Data Collected","50% virtual memory used, 8120MB virtual memory free, 0 pages/sec","",
"11:01 8/10/2014","Memory on myd-vm06792.hpswlabs.adapps.hp.com","Status: Good; Monitor Availability: Data Collected","50% virtual memory used, 8119MB virtual memory free, 0.03334 pages/sec","",
"11:02 8/10/2014","Memory on myd-vm06792.hpswlabs.adapps.hp.com","Status: Good; Monitor Availability: Data Collected","50% virtual memory used, 8121MB virtual memory free, 0 pages/sec","",
"11:02 8/10/2014","Memory on myd-vm06792.hpswlabs.adapps.hp.com","Status: Good; Monitor Availability: Data Collected","50% virtual memory used, 8120MB virtual memory free, 0 pages/sec","",
"11:03 8/10/2014","Memory on myd-vm06792.hpswlabs.adapps.hp.com","Status: Good; Monitor Availability: Data Collected","50% virtual memory used, 8096MB virtual memory free, 0 pages/sec","",
"11:03 8/10/2014","Memory on myd-vm06792.hpswlabs.adapps.hp.com","Status: Good; Monitor Availability: Data Collected","50% virtual memory used, 8096MB virtual memory free, 0.26664 pages/sec","",
"11:04 8/10/2014","Memory on myd-vm06792.hpswlabs.adapps.hp.com","Status: Good; Monitor Availability: Data Collected","50% virtual memory used, 8106MB virtual memory free, 0.03333 pages/sec","",
"11:04 8/10/2014","Memory on myd-vm06792.hpswlabs.adapps.hp.com","Status: Good; Monitor Availability: Data Collected","50% virtual memory used, 8106MB virtual memory free, 0.53328 pages/sec","",
"11:05 8/10/2014","Memory on myd-vm06792.hpswlabs.adapps.hp.com","Status: Good; Monitor Availability: Data Collected","50% virtual memory used, 8118MB virtual memory free, 0 pages/sec","",
"11:05 8/10/2014","Memory on myd-vm06792.hpswlabs.adapps.hp.com","Status: Good; Monitor Availability: Data Collected","50% virtual memory used, 8118MB virtual memory free, 0 pages/sec","",
"11:06 8/10/2014","Memory on myd-vm06792.hpswlabs.adapps.hp.com","Status: Good; Monitor Availability: Data Collected","50% virtual memory used, 8118MB virtual memory free, 0 pages/sec","",
"11:06 8/10/2014","Memory on myd-vm06792.hpswlabs.adapps.hp.com","Status: Good; Monitor Availability: Data Collected","50% virtual memory used, 8117MB virtual memory free, 0 pages/sec","",
"11:07 8/10/2014","Memory on myd-vm06792.hpswlabs.adapps.hp.com","Status: Good; Monitor Availability: Data Collected","50% virtual memory used, 8119MB virtual memory free, 0 pages/sec","",
"11:07 8/10/2014","Memory on myd-vm06792.hpswlabs.adapps.hp.com","Status: Good; Monitor Availability: Data Collected","50% virtual memory used, 8119MB virtual memory free, 0 pages/sec","",
"11:08 8/10/2014","Memory on myd-vm06792.hpswlabs.adapps.hp.com","Status: Good; Monitor Availability: Data Collected","50% virtual memory used, 8119MB virtual memory free, 0 pages/sec","",
"11:08 8/10/2014","Memory on myd-vm06792.hpswlabs.adapps.hp.com","Status: Good; Monitor Availability: Data Collected","50% virtual memory used, 8119MB virtual memory free, 0 pages/sec","",
"11:09 8/10/2014","Memory on myd-vm06792.hpswlabs.adapps.hp.com","Status: Good; Monitor Availability: Data Collected","50% virtual memory used, 8119MB virtual memory free, 0 pages/sec","",
"11:09 8/10/2014","Memory on myd-vm06792.hpswlabs.adapps.hp.com","Status: Good; Monitor Availability: Data Collected","50% virtual memory used, 8118MB virtual memory free, 0 pages/sec","",
"11:10 8/10/2014","Memory on myd-vm06792.hpswlabs.adapps.hp.com","Status: Good; Monitor Availability: Data Collected","50% virtual memory used, 8118MB virtual memory free, 0 pages/sec","",
"11:10 8/10/2014","Memory on myd-vm06792.hpswlabs.adapps.hp.com","Status: Good; Monitor Availability: Data Collected","52% virtual memory used, 7769MB virtual memory free, 0.13332 pages/sec","",
"11:11 8/10/2014","Memory on myd-vm06792.hpswlabs.adapps.hp.com","Status: Good; Monitor Availability: Data Collected","50% virtual memory used, 8121MB virtual memory free, 0.26666 pages/sec","",
"11:11 8/10/2014","Memory on myd-vm06792.hpswlabs.adapps.hp.com","Status: Good; Monitor Availability: Data Collected","50% virtual memory used, 8121MB virtual memory free, 6.76685 pages/sec","",
"11:12 8/10/2014","Memory on myd-vm06792.hpswlabs.adapps.hp.com","Status: Good; Monitor Availability: Data Collected","50% virtual memory used, 8129MB virtual memory free, 0 pages/sec","",
"11:12 8/10/2014","Memory on myd-vm06792.hpswlabs.adapps.hp.com","Status: Good; Monitor Availability: Data Collected","50% virtual memory used, 8130MB virtual memory free, 0.53324 pages/sec","",
"11:13 8/10/2014","Memory on myd-vm06792.hpswlabs.adapps.hp.com","Status: Good; Monitor Availability: Data Collected","50% virtual memory used, 8129MB virtual memory free, 0 pages/sec","",
"11:13 8/10/2014","Memory on myd-vm06792.hpswlabs.adapps.hp.com","Status: Good; Monitor Availability: Data Collected","50% virtual memory used, 8129MB virtual memory free, 1.73274 pages/sec","",
"11:14 8/10/2014","Memory on myd-vm06792.hpswlabs.adapps.hp.com","Status: Good; Monitor Availability: Data Collected","50% virtual memory used, 8128MB virtual memory free, 0.86668 pages/sec","",
"11:14 8/10/2014","Memory on myd-vm06792.hpswlabs.adapps.hp.com","Status: Good; Monitor Availability: Data Collected","50% virtual memory used, 8128MB virtual memory free, 0 pages/sec","",
"11:15 8/10/2014","Memory on myd-vm06792.hpswlabs.adapps.hp.com","Status: Good; Monitor Availability: Data Collected","50% virtual memory used, 8128MB virtual memory free, 0 pages/sec","",
"11:15 8/10/2014","Memory on myd-vm06792.hpswlabs.adapps.hp.com","Status: Good; Monitor Availability: Data Collected","50% virtual memory used, 8126MB virtual memory free, 0.66676 pages/sec","",
"11:16 8/10/2014","Memory on myd-vm06792.hpswlabs.adapps.hp.com","Status: Good; Monitor Availability: Data Collected","50% virtual memory used, 8128MB virtual memory free, 0 pages/sec","",
"11:16 8/10/2014","Memory on myd-vm06792.hpswlabs.adapps.hp.com","Status: Good; Monitor Availability: Data Collected","50% virtual memory used, 8135MB virtual memory free, 0.26667 pages/sec","",
"11:17 8/10/2014","Memory on myd-vm06792.hpswlabs.adapps.hp.com","Status: Good; Monitor Availability: Data Collected","50% virtual memory used, 8135MB virtual memory free, 0 pages/sec","",
"11:17 8/10/2014","Memory on myd-vm06792.hpswlabs.adapps.hp.com","Status: Good; Monitor Availability: Data Collected","50% virtual memory used, 8133MB virtual memory free, 0.23334 pages/sec","",
"11:18 8/10/2014","Memory on myd-vm06792.hpswlabs.adapps.hp.com","Status: Good; Monitor Availability: Data Collected","50% virtual memory used, 8112MB virtual memory free, 0.09999 pages/sec","",
"11:18 8/10/2014","Memory on myd-vm06792.hpswlabs.adapps.hp.com","Status: Good; Monitor Availability: Data Collected","50% virtual memory used, 8112MB virtual memory free, 0.06666 pages/sec","",
"11:19 8/10/2014","Memory on myd-vm06792.hpswlabs.adapps.hp.com","Status: Good; Monitor Availability: Data Collected","50% virtual memory used, 8121MB virtual memory free, 0 pages/sec","",
"11:19 8/10/2014","Memory on myd-vm06792.hpswlabs.adapps.hp.com","Status: Good; Monitor Availability: Data Collected","50% virtual memory used, 8118MB virtual memory free, 1.36694 pages/sec","",
"11:20 8/10/2014","Memory on myd-vm06792.hpswlabs.adapps.hp.com","Status: Good; Monitor Availability: Data Collected","50% virtual memory used, 8130MB virtual memory free, 0 pages/sec","",
"11:20 8/10/2014","Memory on myd-vm06792.hpswlabs.adapps.hp.com","Status: Good; Monitor Availability: Data Collected","50% virtual memory used, 8129MB virtual memory free, 0 pages/sec","",
"11:21 8/10/2014","Memory on myd-vm06792.hpswlabs.adapps.hp.com","Status: Good; Monitor Availability: Data Collected","50% virtual memory used, 8131MB virtual memory free, 0 pages/sec","",
